"Language Code","Language Name","App Name","Short Description","Full Description"
"en-US","English (US)","OpenKitchen: Recipe Cook Mode","Step-by-step cooking companion with offline cookbook, timers, and nutrition.","OpenKitchen is an intuitive culinary companion designed to make home cooking seamless, organized, and enjoyable across smartphones, tablets, and Android TV.

Whether you are preparing a quick 15-minute weeknight dinner or mastering an artisan multi-course meal, OpenKitchen guides you through every step with clarity and precision.

KEY FEATURES:

1. Guided Cook Mode
- Distraction-free, full-screen step-by-step guidance.
- Large, easy-to-read typography visible from across your kitchen counter.
- Screen keep-awake toggle so your display stays active while your hands are busy.
- Instant access to recipe ingredient checklists from any cooking step.

2. Integrated Kitchen Timers
- One-tap timers tailored to specific recipe steps (boiling, simmering, baking).
- Custom timer controls with quick +1m and +5m adjustments.
- Audio and notification alerts so you never overcook a dish.

3. Dynamic Serving & Portion Scaler
- Seamlessly scale ingredients up or down from 1 to 20 servings.
- Automatic recalculation of exact ingredient amounts and measurements.

4. Offline Recipe Cookbook
- Save your favorite recipes to your personal cookbook with one tap.
- Access saved recipes anytime without an internet connection.
- Add private recipe notes, secret tweaks, and custom oven temperatures.

5. Comprehensive Nutritional Breakdown
- View calories, macronutrient ratios (protein, carbohydrates, fat), dietary fiber, net carbs, and sodium.
- Toggle between single serving estimates and full-dish totals.

6. Discover & Filter Culinary Collections
- Explore curated categories: Breakfast, Quick Meals, Vegetarian, Vegan, Seafood, Pasta, and Desserts.
- Filter by prep time (under 15, 25, 35, or 45 mins) and dietary preferences.
- Search thousands of recipes by ingredient, dish title, or cuisine.

7. Android TV & Large Screen Optimized
- Full directional D-pad navigation support for television displays.
- Responsive multi-pane layouts for tablets and foldables.

8. Privacy-First Experience
- No account registration required.
- No intrusive ads or tracking.
- Your personal notes and saved recipes remain safely on your device.

Elevate your daily home cooking with OpenKitchen."
"es-419","Spanish (Latin America)","OpenKitchen: Recetas y Cocina","Guía de cocina paso a paso con recetario offline, temporizadores y nutrición.","OpenKitchen es tu compañero culinario intuitivo diseñado para que cocinar en casa sea fácil, organizado y agradable en teléfonos, tabletas y Android TV.

Desde cenas rápidas de 15 minutos hasta recetas elaboradas, OpenKitchen te guía paso a paso con claridad.

CARACTERÍSTICAS PRINCIPALES:

1. Modo Cocina Guiado
- Guía paso a paso a pantalla completa sin distracciones.
- Tipografía clara y legible desde cualquier punto de la encimera.
- Opción de mantener la pantalla encendida mientras cocinas.
- Consulta rápida de ingredientes en cualquier momento.

2. Temporizadores de Cocina Integrados
- Temporizadores directos vinculados a cada paso de la receta.
- Ajustes rápidos de +1m y +5m.
- Alertas sonoras y notificaciones para no pasar de cocción ningún plato.

3. Escalador Dinámico de Porciones
- Ajusta porciones de 1 a 20 comensales al instante.
- Recálculo automático de medidas e ingredientes.

4. Recetario Personal sin Conexión
- Guarda tus recetas favoritas para acceder sin conexión a internet.
- Añade notas personales, trucos culinarios y temperaturas de horno.

5. Información Nutricional Detallada
- Calorías, proporción de proteínas, carbohidratos, grasas, fibra y sodio.
- Visualización por porción o para el plato completo.

6. Búsqueda y Filtros Inteligentes
- Categorías: Desayunos, Comidas Rápidas, Vegano, Vegetariano, Mariscos, Pasta y Postres.
- Filtra por tiempo de preparación y preferencias dietéticas.

7. Optimizado para Android TV y Tabletas
- Navegación fluida con control remoto D-pad.
- Diseño adaptativo para pantallas grandes.

8. Privacidad Garantizada
- Sin necesidad de registro ni cuentas.
- Sin anuncios invasivos. Tus notas se guardan en tu dispositivo.

Disfruta cocinando en casa con OpenKitchen."
"fr-FR","French","OpenKitchen: Recettes & Plats","Guide de cuisine pas à pas avec livre hors ligne, minuteurs et nutrition.","OpenKitchen est un compagnon culinaire complet conçu pour cuisiner à la maison avec plaisir et simplicité sur smartphones, tablettes et Android TV.

FONCTIONNALITÉS CLÉS :

1. Mode Cuisine Guidé
- Navigation pas à pas en plein écran sans distraction.
- Grande typographie lisible depuis votre plan de travail.
- Écran toujours allumé pour garder les mains libres.
- Liste des ingrédients accessible à chaque étape.

2. Minuteurs Intégrés
- Minuteur en un clic adapté à chaque étape de cuisson.
- Ajustements rapides (+1 min / +5 min).
- Alertes sonores précises.

3. Ajustement Automatique des Portions
- Ajustez les portions de 1 à 20 personnes.
- Recalcul immédiat des quantités d'ingrédients.

4. Livre de Recettes Hors Ligne
- Enregistrez vos plats favoris pour un accès sans connexion.
- Ajoutez des notes et astuces de cuisson personnalisées.

5. Analyse Nutritionnelle Complète
- Suivi des calories, protéines, glucides, lipides et fibres.
- Vue par portion ou pour l'ensemble du plat.

6. Recherche & Filtres Avancés
- Explorez par catégorie : Végétarien, Végétalien, Pâtes, Desserts, Repas Rapides.
- Filtres par temps de préparation (≤ 15, 25, 35, 45 min).

7. Adapté à Android TV & Tablettes
- Navigation fluide à la télécommande et interface grand écran.

8. Respect de la Vie Privée
- Aucun compte obligatoire. Données conservées sur l'appareil.

Cuisinez sereinement avec OpenKitchen."
"de-DE","German","OpenKitchen: Rezepte & Kochen","Schritt-für-Schritt Kochassistent mit Offline-Kochbuch, Timern und Nährwerten.","OpenKitchen ist dein übersichtlicher kulinarischer Begleiter für entspanntes Kochen zu Hause auf Smartphones, Tablets und Android TV.

HAUPTMERKMALE:

1. Geführter Kochmodus
- Übersichtliche Schritt-für-Schritt-Anleitung im Vollbildmodus.
- Große, gut lesbare Schrift für den Küchenalltag.
- Bildschirm bleibt aktiv, während du kochst.
- Schnellzugriff auf die Zutatenliste bei jedem Schritt.

2. Integrierte Küchentimer
- 1-Klick-Timer direkt für einzelne Kochschritte.
- Schnellanpassung um +1 Min. und +5 Min.
- Zuverlässige Benachrichtigungen für punktgenaues Garen.

3. Portionen Flexibel Skalieren
- Portionsgröße von 1 bis 20 Personen anpassen.
- Automatische Neuberechnung aller Mengenangaben.

4. Offline-Kochbuch & Eigene Notizen
- Lieblingsrezepte dauerhaft ohne Internetzugang speichern.
- Eigene Zubereitungstipps und Ofenzeiten notieren.

5. Nährwertanalyse & Makros
- Übersicht zu Kalorien, Eiweiß, Kohlenhydraten, Fett und Ballaststoffen.
- Umschaltbar zwischen Einzelportion und Gesamtrezept.

6. Entdecken & Filtern
- Kategorien: Schnelle Gerichte, Vegetarisch, Vegan, Pasta, Fisch, Desserts.
- Filter nach Zubereitungszeit (≤ 15, 25, 35, 45 Min.).

7. Optimiert für Android TV & Tablets
- Volle Unterstützung für TV-Fernbedienung (D-Pad).
- Übersichtliches Mehrspalten-Layout auf Tablets.

8. Datenschutzfreundlich
- Keine Registrierung erforderlich. Keine störende Werbung.

Koche mit Freude und Präzision mit OpenKitchen."
"it-IT","Italian","OpenKitchen: Ricette e Cucina","Guida culinaria passo passo con ricettario offline, timer e valori nutrizionali.","OpenKitchen è il tuo assistente culinario personale per cucinare piatti deliziosi su smartphone, tablet e Android TV.

CARATTERISTICHE PRINCIPALI:

1. Modalità Cottura Guidata
- Istruzioni passo passo a schermo intero senza distrazioni.
- Testi grandi e chiari visibili dal piano di lavoro.
- Schermo sempre attivo durante la preparazione.
- Controllo rapido degli ingredienti in ogni momento.

2. Timer da Cucina Integrati
- Timer dedicati per ogni passaggio della ricetta.
- Aggiunta rapida di +1m e +5m.
- Notifiche precise per cotture perfette.

3. Scalatore di Porzioni Intelligente
- Modifica le porzioni da 1 a 20 persone.
- Ricalcolo automatico di dosi e quantità.

4. Ricettario Offline e Note Personali
- Salva le ricette preferite per consultarle senza connessione.
- Aggiungi note, varianti e tempi di cottura personalizzati.

5. Valori Nutrizionali Dettagliati
- Monitora calorie, proteine, carboidrati, grassi e fibre.
- Calcolo per singola porzione o piatto intero.

6. Categorie e Ricerca Intelligente
- Primi piatti, pasta, piatti veloci, vegetariani, vegani e dolci.
- Filtra per tempo di preparazione (≤ 15, 25, 35, 45 min).

7. Ottimizzato per Android TV e Tablet
- Supporto completo al telecomando D-pad su TV.
- Layout responsive per schermi ampi.

8. Massima Privacy
- Nessun account richiesto. I tuoi dati restano sul dispositivo.

Cucina al meglio con OpenKitchen."
"pt-BR","Portuguese (Brazil)","OpenKitchen: Receitas & Chef","Guia passo a passo com livro de receitas offline, timers e dados nutricionais.","OpenKitchen é o seu guia culinário completo para preparar refeições deliciosas no celular, tablet e Android TV.

DESTAQUES DO APLICATIVO:

1. Modo Cozinha Passo a Passo
- Instruções detalhadas em tela cheia sem distrações.
- Textos grandes e legíveis para acompanhar na bancada.
- Função de manter a tela ligada enquanto cozinha.
- Acesso rápido à lista de ingredientes a qualquer momento.

2. Temporizadores Integrados
- Inicie o timer do passo com um toque.
- Ajustes rápidos de +1 min e +5 min com alertas sonoros.

3. Ajuste Dinâmico de Porções
- Ajuste de 1 a 20 porções com recálculo automático de medidas.

4. Livro de Receitas Offline
- Salve receitas para acessar sem internet.
- Anote ajustes pessoais e segredos de preparo.

5. Informações Nutricionais
- Acompanhe calorias, proteínas, carboidratos, gorduras e fibras.
- Visualização por porção individual ou prato completo.

6. Busca e Filtros Práticos
- Categorias: Refeições Rápidas, Vegetariano, Vegano, Massas, Sobremesas.
- Filtre por tempo de preparo (≤ 15, 25, 35, 45 min).

7. Otimizado para Android TV
- Navegação completa por controle remoto D-pad.

8. Privacidade Total
- Sem necessidade de cadastro. Seus dados ficam no seu aparelho.

Cozinhe com praticidade usando o OpenKitchen."
"ja-JP","Japanese","OpenKitchen: レシピと調理タイマー","オフライン保存、調理タイマー、栄養計算に対応した手順付きレシピガイド。","OpenKitchenは、スマートフォン、タブレット、Android TVで快適に料理を楽しめるスマートレシピパートナーです。

主な機能：

1. ガイド付きクックモード
- 画面いっぱいに分かりやすく表示されるステップ別ガイド。
- キッチンで離れた場所からでも見やすい大型フォント。
- 調理中に画面が消えないスリープ防止機能。
- 調理中いつでも材料一覧を瞬時に確認可能。

2. 連動キッチンタイマー
- レシピの手順に合わせたワンタップタイマー。
- +1分、+5分のクイック延長とアラーム通知機能。

3. 分量・人数自動計算
- 1人分から20人分まで人数に合わせた材料の自動再計算。

4. オフラインレシピ帳
- お気に入りレシピを保存して、通信環境のない場所でも閲覧可能。
- 独自の味付けやオーブン温度のメモ機能。

5. 詳細な栄養バランス表示
- カロリー、タンパク質、炭水化物、脂質、食物繊維の確認。
- 1人前および料理全体の栄養価切り替え。

6. カテゴリ・時間別フィルター
- 朝食、時短料理、ベジタリアン、パスタ、魚介料理、デザート。
- 調理時間別（15分、25分、35分、45分以内）の絞り込み。

7. Android TV・大画面対応
- リモコンの方向キー（D-pad）で直感的に操作可能。

8. 安心のプライバシー設計
- アカウント登録不要。データはお使いの端末内に安全に保管されます。

日々の料理をもっと楽しく、スムーズに。"
"zh-CN","Chinese (Simplified)","OpenKitchen: 食谱与烹饪助手","步骤式烹饪指南，支持离线收藏、厨房计时器与营养成分分析。","OpenKitchen 是一款专为手机、平板与 Android TV 设计的智能烹饪食谱助手，让厨房料理变得轻松高效。

主要功能：

1. 沉浸式烹饪模式
- 清晰全屏的逐步操作引导，减少干扰。
- 专为厨房操作设计的大字体，易于阅读。
- 屏幕常亮保持功能，避免湿手解锁屏幕。
- 随时查看食材清单与用量。

2. 内置智能厨房计时器
- 一键启动与步骤对应的计时器。
- 支持 +1分钟、+5分钟快捷调整与闹钟提醒。

3. 份量智能换算
- 支持 1 至 20 人份量自由切换，食材用量自动精确换算。

4. 离线食谱收藏夹
- 一键收藏喜爱食谱，无网络环境下随时查看。
- 支持记录个人私房笔记、火候与烤箱心得。

5. 全面营养数据分析
- 详细展示卡路里、蛋白质、碳水化合物、脂肪及膳食纤维。
- 支持单份与整道菜营养总量切换查看。

6. 分类与智能筛选
- 涵盖早餐、快手菜、素食、海鲜、意面、甜点等精选分类。
- 支持按烹饪时间（≤15、25、35、45分钟）精准筛选。

7. Android TV 电视端大屏适配
- 完整支持电视遥控器十字方向键操控。

8. 隐私安全
- 无需注册账号，个人笔记与收藏均存储于本地设备。

开启您的美味烹饪之旅。"
"zh-TW","Chinese (Traditional)","OpenKitchen: 食譜與烹飪助手","步驟式烹飪導引，支援離線食譜、廚房計時器與完整營養分析。","OpenKitchen 是一款專為智慧型手機、平板與 Android TV 打造的料理助手，讓下廚變得井然有序且充滿樂趣。

主要特色：

1. 逐步引導烹飪模式
- 全螢幕步驟指引，專注料理過程。
- 大字體排版設計，料理台上清晰易讀。
- 烹飪時保持螢幕常亮，無需頻繁觸碰螢幕。
- 隨時快速檢視食材清單。

2. 步驟連動廚房計時器
- 依據烹調步驟一鍵啟動倒數計時。
- 提供 +1分、+5分快速微調與提醒通知。

3. 份量智慧換算
- 支援 1 至 20 人份份量調整，精準自動計算食材用量。

4. 離線個人食譜庫
- 收藏喜愛料理，無網路狀態下依然隨時可用。
- 自由記錄個人調味筆記與烘烤秘訣。

5. 完整營養成分標示
- 提供熱量、蛋白質、碳水化合物、脂肪與膳食纖維分析。
- 可切換每份攝取量或全份料理總量。

6. 多元分類與時間篩選
- 快速料理、早餐、蔬食、海鮮、義大利麵與甜點。
- 依據備料與烹飪時間（≤15、25、35、45分鐘）精準搜尋。

7. 支援 Android TV 大螢幕
- 遙控器方向鍵流暢導覽，大螢幕看食譜更舒適。

8. 重視個人隱私
- 免註冊帳號，所有筆記與收藏均保存在本機裝置。

讓 OpenKitchen 成為您廚房裡的得力助手。"
"ko-KR","Korean","OpenKitchen: 요리 가이드 & 타이머","오프라인 레시피 저장, 요리 타이머, 영양 분석을 지원하는 단계별 요리 가이드.","OpenKitchen은 스마트폰, 태블릿, Android TV에서 집밥과 다양한 요리를 손쉽게 만들 수 있도록 돕는 스마트 요리 파트너입니다.

주요 기능:

1. 단계별 스마트 쿡 모드
- 한눈에 들어오는 전체 화면 단계별 조리 가이드.
- 조리대에서도 보기 편한 대형 글꼴 지원.
- 요리 중 화면이 꺼지지 않는 화면 켜짐 유지 기능.
- 조리 중 언제든 필요한 재료 목록 즉시 확인.

2. 조리 단계 연동 타이머
- 레시피 단계별 맞춤 원터치 타이머.
- +1분, +5분 빠른 시간 조절 및 조리 완료 알림.

3. 인분 수 자동 계산기
- 1인분부터 20인분까지 원하는 인원수에 맞춰 재료 용량 자동 계산.

4. 오프라인 나만의 요리책
- 인터넷 연결 없이도 저장된 레시피를 언제든 확인.
- 나만의 팁, 간 맞추기 노하우, 오븐 온도 메모 저장.

5. 상세한 영양 정보 분석
- 칼로리, 단백질, 탄수화물, 지방, 식이섬유 및 나트륨 함량 제공.
- 1인분 기준 및 요리 전체 총량 보기 지원.

6. 카테고리 및 조리 시간 필터
- 아침식사, 초간단 요리, 채식, 파스타, 해산물, 디저트 등 분류.
- 조리 시간별(15분, 25분, 35분, 45분 이하) 맞춤 검색.

7. Android TV 대화면 완벽 지원
- TV 리모컨 방향키(D-pad)로 편리한 조작 지원.

8. 안전한 개인정보 보호
- 계정 가입 불필요. 모든 메모와 데이터는 기기에 안전하게 저장됩니다.

OpenKitchen과 함께 매일의 요리를 더욱 즐겁게 만들어 보세요."
"hi-IN","Hindi","OpenKitchen: रेसिपी और कुकिंग","कदम-दर-कदम कुकिंग गाइड, ऑफलाइन रेसिपी बुक, टाइमर और पोषण जानकारी।","OpenKitchen एक स्मार्ट कुकिंग गाइड ऐप है जो स्मार्टफोन, टैबलेट और Android TV पर घर पर खाना पकाने को आसान और व्यवस्थित बनाता है।

मुख्य विशेषताएं:

1. कुक मोड (कदम-दर-कदम गाइड)
- बिना किसी रुकावट के पूरी स्क्रीन पर आसान स्टेप्स।
- बड़े और स्पष्ट अक्षर ताकि किचन काउंटर से आसानी से पढ़ा जा सके।
- खाना बनाते समय स्क्रीन चालू रखने की सुविधा।
- किसी भी स्टेप पर तुरंत सामग्री सूची देखने की सुविधा।

2. इंटीग्रेटेड किचन टाइमर
- रेसिपी स्टेप के अनुसार एक-टैप टाइमर।
- +1 मिनट और +5 मिनट त्वरित समय समायोजन।

3. सर्विंग्स कैलकुलेटर
- 1 से 20 लोगों के अनुसार सामग्री की मात्रा का स्वतः पुनः परिकलन।

4. ऑफलाइन रेसिपी संग्रह
- अपनी पसंदीदा रेसिपी सेव करें और बिना इंटरनेट कभी भी देखें।
- अपनी निजी कुकिंग नोट्स और टिप्स जोड़ें।

5. संपूर्ण पोषण विश्लेषण
- कैलोरी, प्रोटीन, कार्ब्स, फैट और फाइबर की सटीक जानकारी।

6. आसान फ़िल्टर और श्रेणियां
- नाश्ता, त्वरित भोजन, शाकाहारी, पास्ता और मिठाइयाँ।
- समय के अनुसार फ़िल्टर (15, 25, 35, 45 मिनट के भीतर)।

7. Android TV पर उपयोग के अनुकूल
- रिमोट कंट्रोल के साथ टीवी पर बड़ी स्क्रीन में देखें।

8. गोपनीयता सुरक्षा
- बिना अकाउंट लॉगिन के सुरक्षित उपयोग।

OpenKitchen के साथ हर दिन स्वादिष्ट भोजन बनाएं।"
"ar","Arabic","OpenKitchen: وصفات وطبخ","دليل طبخ خطوة بخطوة مع كتاب وصفات بدون إنترنت ومؤقتات ومعلومات غذائية.","تطبيق OpenKitchen هو رفيقك المطبخي الذكي المصمم لجعل الطهي المنزلي ممتعاً ومنظماً على الهواتف والأجهزة اللوحية وتلفزيون Android TV.

الميزات الرئيسية:

1. وضع الطهي الإرشادي
- إرشادات تفصيلية خطوة بخطوة في شاشة كاملة وبدون تشتيت.
- نصوص واضحة وخط كبير لتسهيل القراءة أثناء إعداد الطعام.
- خيار إبقاء الشاشة قيد التشغيل أثناء الطهي.
- استعراض فوري لقائمة المكونات من أي خطوة.

2. مؤقتات مطبخ مدمجة
- بدء المؤقت بلمسة واحدة لكل خطوة تحضير.
- زيادة سريعة (+1 دقيقة / +5 دقائق) وتنبيهات صوتية دقيقة.

3. تعديل الحصص التلقائي
- ضبط عدد الحصص من 1 إلى 20 شخصاً مع إعادة حساب الكميات تلقائياً.

4. كتاب وصفات يعمل بدون إنترنت
- احفظ وصفاتك المفضلة لتصفحها في أي وقت دون اتصال.
- أضف ملاحظاتك الشخصية ودرجات حرارة الفرن الخاصة بك.

5. تحليل غذائي شامل
- تتبع السعرات الحرارية والبروتين والكربوهيدرات والدهون والألياف.
- عرض القيم لكل حصة فردية أو للطبق بالكامل.

6. تصنيفات وفلاتر ذكية
- فئات متنوعة: وجبات سريعة، إفطار، نباتي، مأكولات بحرية، معكرونة، وحلويات.
- تصفية حسب وقت التحضير (أقل من 15، 25، 35، 45 دقيقة).

7. متوافق مع Android TV
- تحكم كامل بواسطة جهاز التحكم عن بُعد (D-pad).

8. حماية الخصوصية
- لا يتطلب إنشاء حساب. بياناتك وملاحظاتك محفوظة على جهازك.

استمتع بتجربة طهي استثنائية مع OpenKitchen."
"ru-RU","Russian","OpenKitchen: Рецепты и Таймер","Пошаговый кулинарный гид с офлайн-книгой рецептов, таймерами и КБЖУ.","OpenKitchen — это удобный кулинарный помощник для приготовления вкусных домашних блюд на смартфонах, планшетах и Android TV.

ОСНОВНЫЕ ВОЗМОЖНОСТИ:

1. Пошаговый Режим Готовки
- Наглядные инструкции шаг за шагом на весь экран.
- Крупный и четкий шрифт, удобный для чтения на кухне.
- Функция поддержания экрана включенным во время готовки.
- Быстрый доступ к списку ингредиентов на любом этапе.

2. Встроенные Кухонные Таймеры
- Запуск таймера в один клик для каждого шага рецепта.
- Быстрое добавление +1 мин и +5 мин с аудиоуведомлениями.

3. Умный Пересчет Порций
- Изменение числа порций от 1 до 20 с автоматическим пересчетом ингредиентов.

4. Офлайн Кулинарная Книга
- Сохраняйте любимые рецепты и открывайте их без подключения к интернету.
- Добавляйте личные заметки, секреты приправ и настройки духовки.

5. Подробная Пищевая Ценность (КБЖУ)
- Калории, белки, жиры, углеводы и клетчатка.
- Расчет на одну порцию или на все блюдо целиком.

6. Поиск и Фильтрация
- Категории: Быстрые блюда, Завтраки, Вегетарианское, Паста, Морепродукты, Десерты.
- Фильтры по времени приготовления (≤ 15, 25, 35, 45 мин).

7. Оптимизация для Android TV и Планшетов
- Удобное управление с пульта (D-pad).

8. Конфиденциальность
- Без регистрации аккаунта. Данные хранятся на вашем устройстве.

Готовьте с удовольствием вместе с OpenKitchen."
"tr-TR","Turkish","OpenKitchen: Tarifler & Pişir","Çevrimdışı tarif kitabı, pişirme zamanlayıcıları ve besin değerleri rehberi.","OpenKitchen, akıllı telefon, tablet ve Android TV'de evde yemek yapmayı kolay ve keyifli hale getiren akıllı mutfak rehberinizdir.

ÖNE ÇIKAN ÖZELLİKLER:

1. Adım Adım Pişirme Modu
- Dikkatinizi dağıtmayan tam ekran adım adım anlatım.
- Mutfak tezgahından rahatça okunan büyük yazı tipi.
- Yemek yaparken ekranın açık kalmasını sağlayan mod.
- Her adımda malzeme listesine hızlı erişim.

2. Entegre Mutfak Zamanlayıcıları
- Tarif adımlarına özel tek dokunuşla başlayan zamanlayıcılar.
- +1 dk ve +5 dk hızlı süre ekleme ve sesli uyarılar.

3. Porsiyon Ölçekleyici
- 1'den 20 porsiyona kadar malzeme miktarlarını otomatik yeniden hesaplama.

4. Çevrimdışı Tarif Kitabı
- İnternet olmadan da favori tariflerinize anında erişin.
- Kendi özel pişirme notlarınızı ve püf noktalarınızı kaydedin.

5. Ayrıntılı Besin Değerleri
- Kalori, protein, karbonhidrat, yağ ve lif analizi.
- Porsiyon başına veya tüm yemek için görüntüleme.

6. Akıllı Kategoriler ve Filtreler
- Kahvaltı, Pratik Yemekler, Vejetaryen, Vegan, Makarna, Tatlılar.
- Hazırlık süresine göre filtreleme (≤ 15, 25, 35, 45 dk).

7. Android TV Desteği
- TV kumandası yön tuşlarıyla kolay gezinme.

8. Gizlilik Önceliği
- Hesap açma zorunluluğu yok. Tüm veriler cihazınızda kalır.

OpenKitchen ile mutfakta harikalar yaratın."
"nl-NL","Dutch","OpenKitchen: Recepten & Koken","Stap-voor-stap kookgids met offline kookboek, timers en voedingswaarden.","OpenKitchen is jouw overzichtelijke culinaire hulp voor ontspannen koken op smartphones, tablets en Android TV.

BELANGRIJKSTE FUNCTIES:

1. Begeleide Kookmodus
- Duidelijke stap-voor-stap instructies op volledig scherm.
- Grote, goed leesbare letters voor in de keuken.
- Scherm blijft aan tijdens het koken.
- Direct ingrediëntenoverzicht bij elke stap.

2. Geïntegreerde Kooktimers
- 1-klik timers voor koken, bakken en sudderen.
- Snelle aanpassingen (+1 min en +5 min) met meldingen.

3. Porties Automatisch Aanpassen
- Wijzig porties van 1 tot 20 personen met directe herberekening.

4. Offline Kookboek & Notities
- Bewaar favoriete recepten zonder internetverbinding.
- Voeg persoonlijke baktips en oventemperaturen toe.

5. Voedingswaarden & Macro's
- Inzicht in calorieën, eiwitten, koolhydraten, vetten en vezels.

6. Categorieën & Filters
- Snelle maaltijden, ontbijt, vegetarisch, veganistisch, pasta en desserts.
- Filteren op bereidingstijd (≤ 15, 25, 35, 45 min).

7. Geoptimaliseerd voor Android TV
- Volledige navigatie met de afstandsbediening.

8. Privacy
- Geen account vereist. Gegevens blijven lokaal op je toestel.

Kook met gemak met OpenKitchen."
"pl-PL","Polish","OpenKitchen: Przepisy i Gotuj","Przewodnik kulinarny krok po kroku z książką offline, minutnikami i makro.","OpenKitchen to intuicyjny asystent kulinarny ułatwiający gotowanie w domu na smartfonach, tabletach i Android TV.

KLUCZOWE FUNKCJE:

1. Tryb Gotowania Krok po Kroku
- Przejrzyste instrukcje pełnoekranowe bez rozpraszaczy.
- Duża, czytelna czcionka widoczna z kuchennego blatu.
- Blokada wygaszania ekranu podczas gotowania.
- Szybki podgląd składników na każdym etapie.

2. Wbudowane Minutniki
- Minutnik uruchamiany jednym kliknięciem dla danego kroku.
- Szybkie dodawanie +1 min i +5 min z powiadomieniami dźwiękowymi.

3. Przelicznik Porcji
- Dostosuj liczbę porcji od 1 do 20 z automatycznym przeliczeniem składników.

4. Książka Kucharska Offline
- Zapisuj ulubione dania i korzystaj z nich bez dostępu do sieci.
- Dodawaj własne notatki i wskazówki kulinarne.

5. Wartości Odżywcze i Kalorie
- Kalorie, białko, węglowodany, tłuszcze i błonnik.

6. Kategorie i Filtrowanie
- Śniadania, szybkie obiady, dania wegetariańskie, makarony, desery.
- Filtry czasu przygotowania (≤ 15, 25, 35, 45 min).

7. Obsługa Android TV i Tabletów
- Wygodna nawigacja pilotem telewizyjnym.

8. Ochrona Prywatności
- Bez konieczności logowania. Notatki zapisywane są w urządzeniu.

Gotuj z przyjemnością dzięki OpenKitchen."
"id","Indonesian","OpenKitchen: Resep & Memasak","Panduan masak langkah demi langkah dengan resep offline, timer, dan info gizi.","OpenKitchen adalah panduan memasak pintar yang dirancang untuk memudahkan memasak di rumah melalui ponsel, tablet, dan Android TV.

FITUR UTAMA:

1. Mode Memasak Terpandu
- Petunjuk langkah demi langkah layar penuh tanpa gangguan.
- Teks besar yang mudah dibaca dari meja dapur.
- Layar tetap menyala saat memasak.
- Akses cepat ke daftar bahan kapan saja.

2. Pengatur Waktu Dapur Terintegrasi
- Timer satu ketukan sesuai langkah resep.
- Penambahan cepat +1m dan +5m dengan notifikasi alarm.

3. Pengubah Porsi Otomatis
- Sesuaikan porsi dari 1 hingga 20 orang secara akurat.

4. Buku Resep Offline
- Simpan resep favorit tanpa perlu koneksi internet.
- Catat tips dan bumbu rahasia pribadi Anda.

5. Informasi Nilai Gizi Lengkap
- Pantau kalori, protein, karbohidrat, lemak, dan serat.

6. Kategori & Filter Cerdas
- Sarapan, Masakan Cepat, Vegetarian, Pasta, Makanan Laut, dan Dessert.
- Filter berdasarkan waktu masak (≤ 15, 25, 35, 45 menit).

7. Mendukung Android TV
- Navigasi lancar menggunakan remote TV.

8. Privasi Aman
- Tanpa perlu daftar akun. Data tersimpan di perangkat Anda.

Masak lebih mudah dengan OpenKitchen."
"vi","Vietnamese","OpenKitchen: Công thức nấu ăn","Hướng dẫn nấu ăn từng bước với sổ tay offline, hẹn giờ và dinh dưỡng chi tiết.","OpenKitchen là ứng dụng hỗ trợ nấu ăn thông minh, giúp việc chuẩn bị bữa cơm gia đình trở nên dễ dàng và tiện lợi trên điện thoại, máy tính bảng và Android TV.

TÍNH NĂNG NỔI BẬT:

1. Chế độ Nấu ăn Từng bước
- Hướng dẫn chi tiết toàn màn hình rõ ràng.
- Phông chữ lớn, dễ dàng quan sát khi đang đứng bếp.
- Giữ màn hình luôn sáng trong suốt quá trình nấu.
- Kiểm tra danh sách nguyên liệu mọi lúc.

2. Đồng hồ Hẹn giờ Nhà bếp
- Bật hẹn giờ một chạm cho từng bước chế biến.
- Tùy chỉnh nhanh +1 phút và +5 phút cùng chuông báo.

3. Tự động Tính toán Khẩu phần
- Điều chỉnh khẩu phần từ 1 đến 20 người với lượng nguyên liệu tự động quy đổi.

4. Sổ tay Công thức Offline
- Lưu món yêu thích để mở xem mọi lúc không cần mạng.
- Ghi chú bí quyết nêm nếm và nhiệt độ lò nướng riêng.

5. Bảng Dinh dưỡng Chi tiết
- Theo dõi lượng calo, chất đạm, tinh bột, chất béo và chất xơ.

6. Tìm kiếm & Bộ lọc Thông minh
- Danh mục: Bữa sáng, Món nhanh, Món chay, Mì Ý, Hải sản, Tráng miệng.
- Lọc theo thời gian nấu (≤ 15, 25, 35, 45 phút).

7. Tối ưu cho Android TV
- Điều khiển mượt mà bằng remote TV.

8. Bảo mật Riêng tư
- Không cần tạo tài khoản. Dữ liệu lưu an toàn trên máy.

Nấu ăn ngon mỗi ngày cùng OpenKitchen."
"th","Thai","OpenKitchen: คู่มือสูตรอาหาร","คู่มือทำอาหารทีละขั้นตอน พร้อมสมุดสูตรออฟไลน์ ตัวจับเวลา และข้อมูลโภชนาการ","OpenKitchen คือผู้ช่วยทำอาหารประจำบ้านที่ออกแบบมาเพื่อการทำอาหารที่ง่ายและสะดวกสบายบนสมาร์ทโฟน แท็บเล็ต และ Android TV

คุณสมบัติเด่น:

1. โหมดทำอาหารพร้อมคำแนะนำทีละขั้นตอน
- หน้าจอคำแนะนำแบบเต็มหน้าจอ ไม่รบกวนสายตา
- ตัวหนังสือขนาดใหญ่ อ่านง่ายจากเคาน์เตอร์ครัว
- ฟังก์ชันเปิดหน้าจอค้างไว้ขณะทำอาหาร
- ตรวจสอบรายการวัตถุดิบได้ตลอดเวลา

2. ตัวจับเวลาในตัว
- เริ่มจับเวลาได้ในสัมผัสเดียวตามขั้นตอนสูตร
- ปรับเวลาด่วน +1 นาที และ +5 นาที พร้อมเสียงแจ้งเตือน

3. คำนวณสัดส่วนวัตถุดิบอัตโนมัติ
- ปรับจำนวนเสิร์ฟได้ตั้งแต่ 1 ถึง 20 คน คำนวณปริมาณให้อัตโนมัติ

4. สมุดสูตรอาหารออฟไลน์
- บันทึกสูตรโปรดไว้เปิดดูได้ทุกเมื่อโดยไม่ต้องใช้อินเทอร์เน็ต
- เพิ่มบันทึกและเคล็ดลับความอร่อยส่วนตัว

5. ข้อมูลโภชนาการครบถ้วน
- แสดงแคลอรี่ โปรตีน คาร์โบไฮเดรต ไขมัน และใยอาหาร

6. ค้นหาและตัวกรองอัจฉริยะ
- หมวดหมู่: อาหารเช้า, เมนูด่วน, มังสวิรัติ, พาสต้า, อาหารทะเล, ของหวาน
- กรองตามเวลาปรุง (≤ 15, 25, 35, 45 นาที)

7. รองรับ Android TV
- ใช้งานง่ายด้วยรีโมทคอนโทรลบนจอทีวีขนาดใหญ่

8. ความเป็นส่วนตัวสูงสุด
- ไม่ต้องลงทะเบียน ข้อมูลบันทึกไว้ในอุปกรณ์ของคุณ

ทำอาหารมื้ออร่อยอย่างมั่นใจด้วย OpenKitchen"
"sv-SE","Swedish","OpenKitchen: Recept & Mat","Steg-för-steg matlagningsguide med offline-kokbok, timers och näringsvärden.","OpenKitchen är din enkla kulinariska följeslagare för god matlagning hemma på mobiler, surfplattor och Android TV.

HUVUDFUNKTIONER:

1. Guidat Matlagningsläge
- Tydliga steg-för-steg-instruktioner i helskärm.
- Stor och lättläst text anpassad för köksbänken.
- Skärmen hålls vaken under matlagningen.
- Snabb tillgång till ingredienslistan.

2. Integrerade Kökstimers
- Starta timer med ett klick kopplat till receptsteget.
- Snabbknappar för +1 min och +5 min med ljudnotiser.

3. Automatisk Portionsberäkning
- Ändra portioner från 1 till 20 med direkt omräkning av mängder.

4. Offline-Kokbok & Anteckningar
- Spara favoritrecept för användning utan internet.
- Spara egna tips och ugnstemperaturer.

5. Detaljerade Näringsvärden
- Kalorier, protein, kolhydrater, fett och fibrer.

6. Kategorier och Filtrering
- Snabba måltider, frukost, vegetariskt, veganskt, pasta och efterrätter.
- Filtrera efter tillagningstid (≤ 15, 25, 35, 45 min).

7. Anpassad för Android TV
- Full navigering med fjärrkontroll (D-pad).

8. Trygg Integritet
- Inget konto krävs. All data sparas lokalt på enheten.

Laga godare mat med OpenKitchen."
"da-DK","Danish","OpenKitchen: Opskrifter & Mad","Trin-for-trin madlavningsguide med offline kogebog, timere og næringsberegning.","OpenKitchen er din overskuelige madlavningsassistent til nem hverdagsmad på smartphones, tablets og Android TV.

NØGLEFUNKTIONER:

1. Guidet Madlavningstilstand
- Klare trin-for-trin instruktioner på fuld skærm.
- Stor og læsevenlig skrifttype til køkkenbordet.
- Hold skærmen tændt mens du laver mad.

2. Integrerede Køkkentimere
- Start timeren med ét tryk tilpasset det aktuelle trin.
- Hurtig justering med +1 min og +5 min.

3. Automatisk Portionsjustering
- Juster fra 1 til 20 portioner med automatisk omregning.

4. Offline Kogebog & Egne Noter
- Gem yndlingsopskrifter uden krav om internet.
- Tilføj personlige noter og bagetips.

5. Næringsindhold & Kalorier
- Få overblik over kalorier, protein, kulhydrater, fedt og fibre.

6. Kategorier & Tidsfiltre
- Hurtige retter, morgenmad, vegetarisk, pasta og desserter.
- Filtrer efter tilberedningstid (≤ 15, 25, 35, 45 min).

7. Optimeret til Android TV
- Nem navigation med fjernbetjeningen.

8. Privatliv
- Ingen konto påkrævet. Dine noter gemmes på din enhed.

God madlavning med OpenKitchen."
"no-NO","Norwegian","OpenKitchen: Oppskrifter & Mat","Steg-for-steg matlagingsguide med offline kokebok, tidtakere og næringsverdi.","OpenKitchen er din enkle kulinariske følgesvenn for matlaging hjemme på telefon, nettbrett og Android TV.

HOVEDFUNKSJONER:

1. Veiledet Kokemodus
- Tydelige instruksjoner steg-for-steg i fullskjerm.
- Stor og lettlest tekst tilpasset kjøkkenbenken.
- Skjermen holdes påslått under tilberedningen.

2. Integrerte Kjøkkentimere
- Start tidtaker med ett trykk for hvert trinn.
- Hurtigjustering (+1 min / +5 min) og varsler.

3. Automatisk Porsjonsjustering
- Juster fra 1 til 20 porsjoner med direkte omregning av mengder.

4. Offline Kokebok & Egne Notater
- Lagre favorittoppskrifter for bruk uten nett.
- Legg til personlige notater og steketips.

5. Detaljert Næringsinnhold
- Kalorier, proteiner, karbohydrater, fett og fiber.

6. Smarte Kategorier og Filtre
- Raske måltider, frokost, vegetarisk, pasta og desserter.
- Filtrer på tid (≤ 15, 25, 35, 45 min).

7. Støtte for Android TV
- Enkel navigering med fjernkontroll.

8. Personvern
- Ingen registrering. Dine data lagres lokalt på enheten.

Gjør matlagingen enklere med OpenKitchen."
"fi-FI","Finnish","OpenKitchen: Reseptit & Ruoka","Vaiheittainen ruoanlaitto-opas, offline-keittokirja, ajastimet ja ravintoarvot.","OpenKitchen on selkeä ja helppokäyttöinen ruoanlaittosovellus puhelimille, tableteille ja Android TV:lle.

TÄRKEIMMÄT OMINAISUUDET:

1. Ohjattu Kokkaustila
- Selkeät vaiheittaiset ohjeet koko näytöllä.
- Suuri ja helppolukuinen teksti keittiöön.
- Näyttö pysyy päällä ruokaa laittaessasi.

2. Integroidut Keittiöajastimet
- Yhden kosketuksen ajastin työvaiheen mukaan.
- Nopeat +1 min ja +5 min lisäykset äänimerkeillä.

3. Annoskoon Muunnin
- Muuta annoskokoa 1–20 hengelle automaattisella ainesmäärien laskennalla.

4. Offline-Keittokirja & Omat Muistiinpanot
- Tallenna suosikkireseptit ilman verkkoyhteyttä.
- Lisää omia maustamis- ja paistovinkkejä.

5. Kattavat Ravintotiedot
- Kalorit, proteiinit, hiilihydraatit, rasvat ja kuitu.

6. Kategoriat & Aikasuodattimet
- Nopeat arkiruoat, aamiainen, kasvisruoka, pasta ja jälkiruoat.
- Suodata valmistusajan mukaan (≤ 15, 25, 35, 45 min).

7. Android TV -tuki
- Sujuva käyttö kaukosäätimellä.

8. Yksityisyys
- Ei käyttäjätiliä. Tiedot pysyvät laitteellasi.

Kokkaa maittavasti OpenKitchenin avulla."
"el-GR","Greek","OpenKitchen: Συνταγές Φαγητού","Οδηγός μαγειρικής βήμα προς βήμα με offline συνταγές, χρονόμετρα και διατροφή.","Το OpenKitchen είναι ο ιδανικός βοηθός μαγειρικής για εύκολη και οργανωμένη προετοιμασία φαγητού σε smartphone, tablet και Android TV.

ΚΥΡΙΑ ΧΑΡΑΚΤΗΡΙΣΤΙΚΑ:

1. Λειτουργία Καθοδηγούμενης Μαγειρικής
- Οδηγίες βήμα-βήμα σε πλήρη οθόνη χωρίς περισπασμούς.
- Μεγάλη και ευανάγνωστη γραμματοσειρά για τον πάγκο της κουζίνας.
- Διατήρηση της οθόνης ενεργής κατά το μαγείρεμα.

2. Ενσωματωμένα Χρονόμετρα Κουζίνας
- Έναρξη χρονομέτρου με ένα άγγιγμα για κάθε στάδιο.
- Γρήγορη προσθήκη +1λ και +5λ με ηχητικές ειδοποιήσεις.

3. Αυτόματος Υπολογισμός Μερίδων
- Προσαρμογή από 1 έως 20 μερίδες με άμεσο επανυπολογισμό υλικών.

4. Βιβλίο Συνταγών Offline & Σημειώσεις
- Αποθήκευση αγαπημένων πιάτων για χρήση χωρίς internet.
- Προσθήκη προσωπικών σημειώσεων και ρυθμίσεων φούρνου.

5. Πλήρης Διατροφική Ανάλυση
- Θερμίδες, πρωτεΐνες, υδατάνθρακες, λιπαρά και φυτικές ίνες.

6. Έξυπνες Κατηγορίες & Φίλτρα
- Γρήγορα γεύματα, πρωινό, χορτοφαγικά, ζυμαρικά, γλυκά.
- Φιλτράρισμα βάσει χρόνου (≤ 15, 25, 35, 45 λεπτά).

7. Υποστήριξη Android TV
- Πλήρης πλοήγηση με το τηλεχειριστήριο.

8. Προστασία Προσωπικών Δεδομένων
- Χωρίς απαίτηση λογαριασμού. Τα δεδομένα μένουν στη συσκευή σας.

Μαγειρέψτε με άνεση με το OpenKitchen."
"cs-CZ","Czech","OpenKitchen: Recepty a Vaření","Průvodce vařením krok za krokem s offline recepty, časovači a nutričními údaji.","OpenKitchen je přehledný kulinářský průvodce navržený pro snadné a pohodlné vaření na telefonech, tabletech a Android TV.

HLAVNÍ FUNKCE:

1. Průvodce Vařením Krok za Krokem
- Přehledné instrukce na celou obrazovku bez zbytečného rozptylování.
- Velké, dobře čitelné písmo pro pohodlné čtení při vaření.
- Možnost ponechat obrazovku stále zapnutou.

2. Integrované Kuchyňské Časovače
- Spuštění časovače na jedno klepnutí pro daný krok receptu.
- Rychlé přidání +1 min a +5 min se zvukovým upozorněním.

3. Dynamický Přepočet Porcí
- Změna počtu porcí od 1 do 20 s automatickým přepočtem surovin.

4. Offline Kuchařka a Vlastní Poznámky
- Ukládání oblíbených receptů bez nutnosti připojení k internetu.
- Vkládání vlastních tipů a teplot pečení.

5. Nutriční Hodnoty a Kalorie
- Kalorie, bílkoviny, sacharidy, tuky a vláknina.

6. Kategorie a Filtrování Času
- Rychlá jídla, snídaně, vegetariánská jídla, těstoviny a dezerty.
- Filtrování podle doby přípravy (≤ 15, 25, 35, 45 min).

7. Podpora pro Android TV
- Pohodlné ovládání dálkovým ovladačem.

8. Ochrana Soukromí
- Bez nutnosti registrace. Údaje jsou uloženy pouze ve vašem zařízení.

Vařte s lehkostí s OpenKitchen."
"hu-HU","Hungarian","OpenKitchen: Receptek és Főzés","Lépésről lépésre receptkalauz offline receptekkel, időzítővel és tápértékekkel.","Az OpenKitchen egy átlátható konyhai segítőtárs, amellyel az otthoni főzés egyszerűvé válik telefonon, tableten és Android TV-n.

FŐBB FUNKCIÓK:

1. Vezetett Főzési Mód
- Teljes képernyős, lépésről lépésre követhető útmutató.
- Nagy, jól olvasható betűméret a konyhapulthoz igazítva.
- Képernyő ébrentartása főzés közben.

2. Beépített Konyhai Időzítők
- Egyérintéses időzítő az adott főzési lépéshez igazítva.
- Gyors +1 és +5 perces hozzáadás hangjelzéssel.

3. Intelligens Adagszámítás
- Adagok módosítása 1-től 20 személyig a hozzávalók automatikus újraszámításával.

4. Offline Szakácskönyv és Jegyzetek
- Kedvenc receptek mentése internetkapcsolat nélküli eléréshez.
- Egyéni fűszerezési és sütési tippek rögzítése.

5. Részletes Tápértékek
- Kalória, fehérje, szénhidrát, zsír és élelmi rostok.

6. Kategóriák és Időszűrők
- Gyors ételek, reggeli, vegetáriánus ételek, tészták, desszertek.
- Szűrés elkészítési idő szerint (≤ 15, 25, 35, 45 perc).

7. Android TV Támogatás
- Teljes navigáció a távirányító nyilaival.

8. Adatvédelem
- Fiókregisztráció nem szükséges. Adatait a készülékén tároljuk.

Főzzön örömmel az OpenKitchennel."
"ro","Romanian","OpenKitchen: Rețete și Gătit","Ghid culinar pas cu pas cu rețete offline, temporizatoare și nutriție detaliată.","OpenKitchen este asistentul tău culinar conceput pentru un gătit acasă simplu și plăcut pe telefoane, tablete și Android TV.

FUNCȚII PRINCIPALE:

1. Mod de Gătit Ghidat Pas cu Pas
- Instrucțiuni clare pe tot ecranul, fără distrageri.
- Text mare și ușor de citit de pe blatul de bucătărie.
- Ecranul rămâne activ în timpul preparării.

2. Temporizatoare de Bucătărie Integrate
- Pornire cu o singură atingere pentru fiecare etapă de gătit.
- Ajustare rapidă (+1 min / +5 min) și alerte sonore.

3. Scalare Automată a Porțiilor
- Ajustează porțiile de la 1 la 20 de persoane cu recalcularea cantităților.

4. Rețetar Offline & Notițe Personale
- Salvează rețetele favorite pentru acces fără conexiune la internet.
- Adaugă notițe cu secrete culinare și temperaturi de coacere.

5. Valori Nutriționale Complete
- Calorii, proteine, carbohidrați, grăsimi și fibre.

6. Categorii și Filtre după Timp
- Mese rapide, mic dejun, vegetarian, paste și deserturi.
- Filtrare după timpul de preparare (≤ 15, 25, 35, 45 min).

7. Optimizat pentru Android TV
- Navigare facilă cu telecomanda televizorului.

8. Confidențialitate
- Fără cont obligatoriu. Datele rămân pe dispozitivul tău.

Gătește cu drag alături de OpenKitchen."
"uk","Ukrainian","OpenKitchen: Рецепти та Таймер","Покроковий кулінарний гід з офлайн-книгою рецептів, таймерами та калорійністю.","OpenKitchen — це зрозумілий та надійний кулінарний помічник для приготування смачних страв на смартфонах, планшетах та Android TV.

ГОЛОВНІ ОСОБЛИВОСТІ:

1. Покроковий Режим Кулінарії
- Наочні покрокові інструкції на весь екран без зайвих деталей.
- Великий та чіткий шрифт, зручний для читання на кухні.
- Екран залишається увімкненим під час приготування.

2. Вбудовані Кухонні Таймери
- Запуск таймера в один дотик для кожного кроку рецепта.
- Швидке додавання +1 хв та +5 хв зі звуковим сигналом.

3. Автоматичний Перерахунок Порцій
- Зміна кількості порцій від 1 до 20 з точним перерахунком інгредієнтів.

4. Офлайн-Книга Рецептів та Власні Нотатки
- Зберігайте улюблені рецепти для доступу без інтернету.
- Записуйте власні кулінарні секрети та поради щодо випікання.

5. Харчова Цінність (КБЖВ)
- Калорії, білки, жири, вуглеводи та клітковина.

6. Категорії та Зручні Фільтри
- Швидкі страви, сніданки, вегетаріанське, паста, десерти.
- Фільтри за часом приготування (≤ 15, 25, 35, 45 хв).

7. Оптимізовано для Android TV
- Зручне керування пультом телевізора.

8. Конфіденційність
- Без реєстрації облікового запису. Ваші нотатки зберігаються на пристрої.

Готуйте із задоволенням разом з OpenKitchen."
"iw-IL","Hebrew","OpenKitchen: מתכונים ובישול","מדריך בישול שלב אחר שלב עם ספר מתכונים אופליין, טיימרים וערכים תזונתיים.","OpenKitchen הוא העוזר הקולינרי החכם שלך לבישול ביתי פשוט, נוח ומאורגן בסמארטפונים, טאבלטים ו-Android TV.

תכונות עיקריות:

1. מצב בישול מודרך שלב אחר שלב
- הוראות ברורות במסך מלא ללא הסחות דעת.
- טקסט גדול ונוח לקריאה ממשטח העבודה במטבח.
- השארת המסך דולק בזמן הבישול.
- גישה מהירה לרשימת המצרכים בכל שלב.

2. טיימרים מובנים לבישול
- הפעלת טיימר בלחיצה אחת מותאם לכל שלב במתכון.
- הוספה מהירה של +1 דק' ו-+5 דק' עם התראות קוליות.

3. מחשבון מנות אוטומטי
- שינוי מספר המנות מ-1 עד 20 עם חישוב מחדש של כמויות המצרכים.

4. ספר מתכונים אופליין והערות אישיות
- שמירת מתכונים לשימוש ללא חיבור לאינטרנט.
- הוספת הערות, טיפים לתיבול וזמני אפייה.

5. ערכים תזונתיים מפורטים
- פירוט קלוריות, חלבונים, פחמימות, שומנים וסיבים תזונתיים.

6. קטגוריות וסינון מהיר
- ארוחות מהירות, ארוחות בוקר, צמחוני, פסטה וקינוחים.
- סינון לפי זמן הכנה (עד 15, 25, 35, 45 דקות).

7. מותאם ל-Android TV
- ניווט נוח באמצעות השלט הרחוק.

8. שמירה על פרטיות
- ללא צורך בהרשמה. הנתונים נשמרים במכשיר שלך.

לבשל בכיף עם OpenKitchen."
"ms","Malay","OpenKitchen: Resipi & Memasak","Panduan memasak langkah demi langkah dengan buku resipi luar talian dan pemasa.","OpenKitchen ialah panduan memasak pintar yang direka untuk memudahkan masakan di rumah pada telefon pintar, tablet dan Android TV.

CIRI-CIRI UTAMA:

1. Mod Memasak Berpandu
- Panduan langkah demi langkah skrin penuh yang jelas.
- Fon besar yang mudah dibaca dari meja dapur.
- Skrin kekal aktif semasa memasak.
- Semakan senarai bahan pada bila-bila masa.

2. Pemasa Dapur Bersepadu
- Pemasa satu sentuhan mengikut langkah resipi.
- Tambahan pantas +1m dan +5m dengan pemberitahuan penggera.

3. Pengira Hidangan Automatik
- Laraskan hidangan dari 1 hingga 20 orang dengan pengiraan bahan secara automatik.

4. Buku Resipi Luar Talian
- Simpan resipi kegemaran tanpa memerlukan internet.
- Catat nota peribadi dan petua masakan anda.

5. Maklumat Pemakanan Terperinci
- Pantau kalori, protein, karbohidrat, lemak dan serat.

6. Kategori & Penapis Pintar
- Sarapan, Makanan Segera, Vegetarian, Pasta, Makanan Laut, Pencuci Mulut.
- Tapis mengikut masa memasak (≤ 15, 25, 35, 45 minit).

7. Sokongan Android TV
- Navigasi lancar menggunakan alat kawalan jauh TV.

8. Privasi Terjamin
- Tanpa perlu mendaftar akaun. Data disimpan pada peranti anda.

Masak dengan lebih yakin bersama OpenKitchen."
"bn-BD","Bengali","OpenKitchen: রেসিপি ও রান্না","ধাপে ধাপে রান্নার গাইড, অফলাইন রেসিপি বই, টাইমার এবং পুষ্টির তথ্য।","OpenKitchen হলো একটি সহজ এবং চমৎকার রান্নার সহযোগী অ্যাপ, যা স্মার্টফোন, ট্যাবলেট এবং Android TV-তে রান্নাকে করে তোলে সহজ ও পরিপাটি।

প্রধান বৈশিষ্ট্যসমূহ:

১. ধাপে ধাপে কুক মোড গাইড
- বিভ্রান্তিমুক্ত ফুল-স্ক্রিন সহজ নির্দেশিকা।
- রান্নাঘরের কাউন্টার থেকে সহজে পড়ার উপযোগী বড় লেখা।
- রান্নার সময় স্ক্রিন সচল রাখার সুবিধা।
- যেকোনো ধাপে চটজলদি উপকরণের তালিকা দেখার সুবিধা।

২. ইনবিল্ট কিচেন টাইমার
- প্রতিটি ধাপের জন্য এক-ট্যাপে টাইমার চালু করার ব্যবস্থা।
- +১ মিনিট এবং +৫ মিনিট দ্রুত যোগ করার সুবিধা ও অ্যালার্ম।

৩. পরিবেশন সংখ্যা স্বয়ংক্রিয় গণনা
- ১ থেকে ২০ জনের পরিমাপ অনুযায়ী উপকরণের সঠিক পরিমাণ স্বয়ংক্রিয়ভাবে নির্ধারণ।

৪. অফলাইন রেসিপি বুক
- ইন্টারনেট ছাড়াই পছন্দের রেসিপিগুলো সংরক্ষণ ও পড়ার সুবিধা।
- ব্যক্তিগত রান্নার টিপস এবং ওভেন তাপমাত্রা নোট রাখার ব্যবস্থা।

৫. পুষ্টিমান ও ক্যালোরি বিবরণ
- ক্যালোরি, প্রোটিন, কার্বোহাইড্রেট, ফ্যাট ও ফাইবারের নির্ভুল তথ্য।

৬. ক্যাটাগরি ও ফিল্টার
- সকালের নাস্তা, ঝটপট রান্না, নিরামিষ, পাস্তা, সি-ফুড এবং মিষ্টি খাবার।
- রান্নার সময় অনুযায়ী ফিল্টার করার সুবিধা (১৫, ২৫, ৩৫, ৪৫ মিনিটের মধ্যে)।

৭. Android TV-র জন্য উপযোগী
- টিভি রিমোট দিয়ে সহজে ব্যবহারের সুবিধা।

৮. ব্যক্তিগত তথ্যের সুরক্ষা
- অ্যাকাউন্ট রেজিস্ট্রেশনের ঝামেলা নেই। সকল তথ্য ডিভাইসে সংরক্ষিত থাকে।

OpenKitchen-এর সাথে প্রতিদিনের রান্না হোক আরও সহজ ও আনন্দদায়ক।"
